account_id,loan_grade,state,loan_status,pd,lgd,ead,expected_loss,priority_rank
85534,C,MI,Current,0.7525657460855324,0.6883,51500.0,26676.536656079603,1
107236,C,CA,Current,0.4533027470653732,0.6883,45461.0,14184.208453680489,2
99840,E,CT,Past Due (61-90 days),0.6307024067693762,0.6883,30000.0,13023.37399738085,3
99159,C,AL,Current,0.5631822597765584,0.6883,33000.0,12792.065530338772,4
93204,B,FL,Current,0.537309413118444,0.6883,32500.0,12019.477244106314,5
91516,A,NC,Current,0.4072752456743354,0.6883,41500.0,11633.593391302267,6
91995,B,VT,Current,0.6705713380228474,0.6883,25000.0,11538.856299028146,7
91429,A,NC,Current,0.3901787368216129,0.6883,42500.0,11413.801043558438,8
25650,Not Rated,OK,Chargedoff,0.651654349463831,0.6883,25000.0,11213.342218398871,9
25694,Not Rated,IL,Chargedoff,0.6511557293277762,0.6883,25000.0,11204.76221240771,10
24554,Not Rated,IL,Chargedoff,0.6462242112667377,0.6883,25000.0,11119.903115372388,11
98614,B,NY,Current,0.5363685731719943,0.6883,30000.0,11075.47466742851,12
88119,C,NE,Chargedoff,0.349725116714656,0.6883,45000.0,10832.2109025614,13
27466,Not Rated,CA,Defaulted,0.504388188908027,0.6883,30000.0,10415.111712761847,14
133451,AA,MA,Current,0.3826400088760757,0.6883,39400.0,10376.822053510474,15
97219,C,CA,Current,0.7438531236859093,0.6883,20000.0,10239.882100660228,16
111296,B,VA,Current,0.5910383023247613,0.6883,25000.0,10170.29158725333,17
100436,B,PA,Current,0.5879425089889163,0.6883,25000.0,10117.020723426778,18
28648,Not Rated,UT,Chargedoff,0.5843231002029448,0.6883,25000.0,10054.739746742172,19
29528,Not Rated,NH,Chargedoff,0.7299968239821453,0.6883,20000.0,10049.136278938213,20
92316,B,MD,Past Due (31-60 days),0.5740512005803701,0.6883,25000.0,9877.98603398672,21
134196,B,WI,Current,0.5720582809283734,0.6883,25000.0,9843.692869074985,22
106704,C,CO,Current,0.576896202504141,0.6883,24750.0,9827.671990544106,23
90696,B,GA,Current,0.6307885861951179,0.6883,22500.0,9768.865137257242,24
125406,B,HI,Current,0.6391194425027118,0.6883,22000.0,9677.930070041564,25
96256,B,MD,Current,0.5609135697220816,0.6883,25000.0,9651.92025099272,26
92145,D,TX,Current,0.7170301811003272,0.6883,19500.0,9623.871536201428,27
87916,D,TX,Current,0.4698052106687737,0.6883,29750.0,9620.166063473678,28
87617,C,NV,Chargedoff,0.4129334283696305,0.6883,33000.0,9379.32859864495,29
133884,C,WA,Current,0.5238783802895226,0.6883,26000.0,9375.22271798524,30
77203,D,MD,Current,0.3735491029441374,0.6883,36090.0,9279.238758312276,31
93055,A,IL,Current,0.5312476498681715,0.6883,25000.0,9141.443935106565,32
108729,B,VA,Current,0.5005722546713154,0.6883,26500.0,9130.41289659206,33
126779,C,TX,Current,0.4808166983662529,0.6883,27500.0,9101.018670851026,34
134135,A,AK,Current,0.5077095699777129,0.6883,26000.0,9085.868922407157,35
100501,A,GA,Past Due (91-120 days),0.4046816721676293,0.6883,32500.0,9052.627835971827,36
94114,C,MD,Current,0.5165957143382295,0.6883,25000.0,8889.320754475084,37
108741,B,CA,Current,0.5736634548894172,0.6883,22500.0,8884.18251000868,38
27908,Not Rated,NH,Chargedoff,0.7586170144982529,0.6883,17000.0,8876.653548345508,39
49713,E,OH,Chargedoff,0.4296660073626795,0.6883,30000.0,8872.17338603197,40
121796,C,CA,Current,0.3382143240557994,0.6883,38000.0,8846.130931409056,41
120935,B,IN,Current,0.4732687972506766,0.6883,27000.0,8795.274654986299,42
85902,C,NY,Current,0.3751453662056027,0.6883,34000.0,8779.226889016756,43
61919,D,IN,Current,0.605491077275755,0.6883,21000.0,8751.949678266947,44
77245,A,WA,Current,0.5056940225050099,0.6883,25000.0,8701.729892254958,45
130707,A,IL,Current,0.5052915653792083,0.6883,25000.0,8694.804611262727,46
128361,B,MD,Current,0.2993296868150378,0.6883,42200.0,8694.407908948162,47
91374,D,NC,Chargedoff,0.5111622500011629,0.6883,24500.0,8619.907928557112,48
30610,Not Rated,IL,Chargedoff,0.4993046873969816,0.6883,25000.0,8591.785408383561,49
132411,C,CA,Current,0.5545398178404242,0.6883,22500.0,8588.01952394019,50
82434,A,CA,Current,0.3888070118657647,0.6883,32000.0,8563.707720550587,51
130044,B,CA,Current,0.4011182826697478,0.6883,31000.0,8558.78113280921,52
25501,Not Rated,IL,Chargedoff,0.5639736577057537,0.6883,22000.0,8540.027509175146,53
102324,B,NY,Past Due (1-15 days),0.4920282129943736,0.6883,25000.0,8466.575475100684,54
133427,AA,CA,Current,0.4919015826146231,0.6883,25000.0,8464.396482841128,55
101370,B,WA,Current,0.4884469312545879,0.6883,25000.0,8404.950569563323,56
76161,C,FL,Current,0.623047076455993,0.6883,19500.0,8362.44440313087,57
100481,B,WA,Current,0.5501720017481126,0.6883,22000.0,8331.03455367097,58
132271,A,OR,Current,0.314199275606038,0.6883,38500.0,8326.139413885983,59
121337,C,RI,Current,0.5033947373198723,0.6883,24000.0,8315.678344734433,60
101236,B,IN,Current,0.3127541572482611,0.6883,38500.0,8287.84442770816,61
70552,D,OR,Current,0.6505263933001136,0.6883,18500.0,8283.510355406663,62
54762,B,VA,Chargedoff,0.6220689068142983,0.6883,19250.65,8242.551360303984,63
89331,A,NC,Past Due (1-15 days),0.4783182362299978,0.6883,25000.0,8230.661049927687,64
89915,A,CA,Current,0.4680767563984648,0.6883,25500.0,8215.519401441115,65
87863,C,SC,Current,0.5210118316245946,0.6883,22800.0,8176.363716524354,66
86585,C,IN,Current,0.6419849666000755,0.6883,18500.0,8174.747671450392,67
92938,B,TX,Current,0.4140708125490855,0.6883,28639.04,8162.267884805953,68
92574,B,NY,Current,0.472825892713359,0.6883,25000.0,8136.151548865127,69
121348,B,VA,Current,0.331302068125626,0.6883,35600.0,8118.053600274915,70
122087,C,IN,Current,0.4423254384198342,0.6883,26500.0,8067.993880505855,71
97417,A,SC,Current,0.445054311269819,0.6883,26300.0,8056.502208356533,72
67864,C,IL,Current,0.5441396558870464,0.6883,21500.0,8052.423490661662,73
75293,B,OH,Current,0.4026955507334897,0.6883,29000.0,8038.085079525969,74
26428,Not Rated,CA,Defaulted,0.4653695758383604,0.6883,25000.0,8007.846976238588,75
33204,Not Rated,GA,Defaulted,0.4617750782795318,0.6883,25000.0,7945.994659495044,76
63282,B,MI,Chargedoff,0.474217017801446,0.6883,24341.0,7944.989378978929,77
118236,B,HI,Current,0.4266196118307847,0.6883,27000.0,7928.341528224486,78
56414,E,NY,Chargedoff,0.7655681987871675,0.6883,15000.0,7904.108868378112,79
103947,A,CA,Current,0.4591095270057075,0.6883,25000.0,7900.127185950711,80
72430,D,ID,Chargedoff,0.431291820639889,0.6883,26500.0,7866.741243880544,81
119789,A,CA,Current,0.4221216206861901,0.6883,27051.0,7859.56827288166,82
91324,A,UT,Current,0.4857101323550736,0.6883,23500.0,7856.385676349934,83
133185,AA,NE,Current,0.292441455860381,0.6883,39000.0,7850.210708679312,84
23619,Not Rated,CA,Chargedoff,0.4554307374904009,0.6883,25000.0,7836.824415366074,85
99765,C,KY,Past Due (61-90 days),0.3993162061727344,0.6883,28500.0,7833.206324197753,86
123804,A,GA,Current,0.4535585916833932,0.6883,25000.0,7804.609466391988,87
86213,C,MS,Current,0.4247006007763127,0.6883,26500.0,7746.517723129905,88
74619,A,IL,Chargedoff,0.3722301882061193,0.6883,30000.0,7686.18115626816,89
110329,C,CA,Current,0.3271950590208217,0.6883,34000.0,7657.084210217074,90
64649,D,CT,Chargedoff,0.6540281984919016,0.6883,17000.0,7652.84935337359,91
37478,Not Rated,IN,Chargedoff,0.4167830008461586,0.6883,26647.0,7644.271241987806,92
109562,A,GA,Current,0.5825787742269022,0.6883,19000.0,7618.790435707158,93
92469,B,IL,Current,0.737608163720796,0.6883,15000.0,7615.435486335358,94
23672,Not Rated,CA,Chargedoff,0.4600006312986615,0.6883,24000.0,7598.84242854885,95
72888,D,NC,Current,0.4004037959682769,0.6883,27500.0,7578.943151036538,96
93666,A,NY,Current,0.4400051871185517,0.6883,25000.0,7571.38925734248,97
132219,B,CO,Current,0.2619025812075897,0.6883,42000.0,7571.236959097728,98
89511,B,TX,Current,0.3710124016807999,0.6883,29500.0,7533.351164268392,99
98443,C,MO,Current,0.6077467377502479,0.6883,18000.0,7529.617432682921,100
88780,B,NE,Current,0.7275827343100335,0.6883,14989.34,7506.589463594309,101
96483,B,IL,Current,0.5451352335031235,0.6883,20000.0,7504.331624403999,102
37304,Not Rated,CA,Defaulted,0.4343998495683706,0.6883,25000.0,7474.935411447737,103
127593,B,NY,Current,0.4825805230255621,0.6883,22500.0,7473.603914966126,104
99262,A,TX,Current,0.3339306755725555,0.6883,32500.0,7469.945729889174,105
132590,B,NJ,Current,0.4821317080752532,0.6883,22500.0,7466.653230034428,106
110648,C,NE,Current,0.409313847854942,0.6883,26493.75,7464.103302172511,107
68772,D,NC,Past Due (1-15 days),0.7212944305409039,0.6883,15000.0,7447.004348119563,108
118628,A,FL,Current,0.2345609804710392,0.6883,46000.0,7426.622851477949,109
129623,C,MD,Current,0.7178637107807019,0.6883,15000.0,7411.583881955356,110
111197,C,OH,Current,0.4882031117732234,0.6883,22000.0,7392.664440337214,111
120763,C,KS,Current,0.4463920388427257,0.6883,24000.0,7374.039368050756,112
75626,D,NC,Current,0.326143429862528,0.6883,32600.0,7318.195442444725,113
29554,Not Rated,TX,Chargedoff,0.708516053706836,0.6883,15000.0,7315.073996496229,114
72558,C,CO,Current,0.5300303858751247,0.6883,20000.0,7296.398291956967,115
88917,A,NJ,Current,0.4237475597190901,0.6883,25000.0,7291.636133866245,116
129745,C,IL,Current,0.4224657535247506,0.6883,25000.0,7269.579453777146,117
121495,A,NM,Current,0.5275117868692235,0.6883,20000.0,7261.727258041731,118
76961,C,GA,Current,0.3863649472983768,0.6883,27300.0,7260.025315055406,119
93387,B,OK,Current,0.4394491482531052,0.6883,24000.0,7259.348369822697,120
28926,Not Rated,AL,Defaulted,0.4679279474820922,0.6883,22500.0,7246.683140668292,121
90027,A,CO,Current,0.3888609639499137,0.6883,27000.0,7226.631040141593,122
135070,B,KY,Current,0.4189054322292538,0.6883,25000.0,7208.315225084887,123
107576,B,UT,Current,0.2735942040205199,0.6883,38275.0,7207.752438760821,124
105558,C,VA,Current,0.4181372335440692,0.6883,25000.0,7195.09644620957,125
119029,B,CA,Current,0.4683743458539821,0.6883,22300.0,7189.119988203898,126
124707,A,CA,Current,0.5210211421661689,0.6883,20000.0,7172.377043059481,127
110950,C,NJ,Current,0.4433939315072892,0.6883,23500.0,7171.919011826977,128
99676,B,NY,Current,0.4163893274009844,0.6883,25000.0,7165.01935125244,129
105254,B,FL,Current,0.4163812666558846,0.6883,25000.0,7164.880645981135,130
97590,D,OH,Current,0.4840936027576757,0.6883,21500.0,7163.834975729326,131
111920,C,FL,Current,0.4621262066128146,0.6883,22500.0,7156.833030261008,132
122563,C,FL,Current,0.3411963359063482,0.6883,30448.64,7150.724197436452,133
110236,B,CA,Current,0.518083200051905,0.6883,20000.0,7131.933331914524,134
22289,Not Rated,AL,Chargedoff,0.4494546369493665,0.6883,23000.0,7115.271412081726,135
98009,B,NY,Past Due (31-60 days),0.6889637963712876,0.6883,15000.0,7113.206715635359,136
96219,C,IL,Current,0.2750251151230448,0.6883,37500.0,7098.742002719691,137
111116,B,GA,Current,0.4123561157500968,0.6883,25000.0,7095.617861769792,138
134613,D,NH,Current,0.5149961136475701,0.6883,20000.0,7089.436500472451,139
109919,A,AL,Current,0.5412744822946088,0.6883,19000.0,7078.625297104206,140
111499,C,CO,Current,0.2946191842571997,0.6883,34900.0,7077.244819895646,141
125208,A,TN,Current,0.2956941679040377,0.6883,34716.0,7065.618883894011,142
73985,B,CA,Current,0.3104994871986632,0.6883,33000.0,7052.654302281717,143
100342,A,FL,Current,0.4095454872476405,0.6883,25000.0,7047.253971813774,144
71165,A,FL,Chargedoff,0.3787537702606038,0.6883,27000.0,7038.797941900088,145
123991,C,MO,Current,0.619038408939255,0.6883,16500.0,7030.388258402672,146
127709,C,NY,Current,0.6798013809909264,0.6883,15000.0,7018.60935804082,147
68461,C,DC,Current,0.4429909788724354,0.6883,23000.0,7012.945887431639,148
129264,B,CA,Current,0.4062571710029322,0.6883,25000.0,6990.670270032956,149
105683,B,MD,Current,0.40512502502511,0.6883,25000.0,6971.188868119581,150
106575,C,FL,Current,0.2500119807938338,0.6883,40500.0,6969.371478406032,151
99926,AA,HI,Current,0.2243171076596539,0.6883,45000.0,6947.885934096292,152
72479,D,OH,Current,0.4482349667705228,0.6883,22500.0,6941.702871633395,153
123163,C,VA,Current,0.6705830188278858,0.6883,15000.0,6923.434377888508,154
85201,E,WA,Current,0.4334224327588375,0.6883,23200.0,6921.132122855463,155
59200,C,PA,Chargedoff,0.6684507658294934,0.6883,15000.0,6901.419931806605,156
95128,B,TX,Current,0.355414992930808,0.6883,28153.0,6887.1286271237495,157
102616,D,NY,Current,0.4988661468340091,0.6883,20000.0,6867.391377316969,158
102616,D,NY,Current,0.498616282480811,0.6883,20000.0,6863.9517446308455,159
29883,Not Rated,NC,Chargedoff,0.5698117554617282,0.6883,17500.0,6863.525047475382,160
76538,D,NY,Current,0.6635504512212737,0.6883,15000.0,6850.82663363404,161
120330,B,MI,Current,0.3791268208510422,0.6883,26200.0,6836.968358744438,162
131057,AA,AL,Current,0.3958090365887387,0.6883,25000.0,6810.883997100722,163
105543,C,NY,Current,0.520422581147713,0.6883,19000.0,6805.930389475447,164
120487,C,LA,Current,0.3951662074383417,0.6883,25000.0,6799.822514495264,165
110894,A,IL,Current,0.2318083535195902,0.6883,42600.0,6796.987182392946,166
89733,B,PA,Current,0.5808196587462615,0.6883,17000.0,6796.228908955881,167
53430,C,IL,Current,0.2668418770792444,0.6883,36996.0,6794.954098708852,168
108764,A,IN,Current,0.6580751277619774,0.6883,15000.0,6794.296656578536,169
107269,C,MI,Current,0.2530957095616113,0.6883,39000.0,6794.025298759026,170
92751,B,WA,Current,0.3945289332887277,0.6883,25000.0,6788.856619565782,171
94691,B,IL,Current,0.4924307552767895,0.6883,20000.0,6778.801777140286,172
102261,C,CA,Current,0.6557813963255279,0.6883,15000.0,6770.615026362913,173
96168,C,WI,Current,0.5169536945073557,0.6883,19000.0,6760.565330658847,174
121269,B,TX,Current,0.4270129537324846,0.6883,23000.0,6759.999369243591,175
129168,C,GA,Current,0.3927519770050036,0.6883,25000.0,6758.2796443136,176
95711,C,MO,Past Due (61-90 days),0.3926382053149372,0.6883,25000.0,6756.321917956782,177
91878,B,OH,Current,0.2726385860560857,0.6883,36002.0,6756.032310444103,178
89661,D,IL,Current,0.6534004694632072,0.6883,15000.0,6746.033146972883,179
132164,B,MN,Current,0.4897286045166222,0.6883,20000.0,6741.6039697758215,180
68267,D,WI,Current,0.3913350030238075,0.6883,25000.0,6733.897064532168,181
110668,B,PA,Current,0.651249118980054,0.6883,15000.0,6723.821528909568,182
100098,A,MO,Current,0.3901617716888628,0.6883,25000.0,6713.708686336107,183
105759,C,VA,Current,0.2786690834171132,0.6883,35000.0,6713.277554059966,184
120269,B,GA,Current,0.3249751310704452,0.6883,30000.0,6710.411481473624,185
74618,C,VA,Chargedoff,0.6499050882558417,0.6883,15000.0,6709.945083697437,186
77610,C,KS,Current,0.3677559213819102,0.6883,26500.0,6707.849618209974,187
135388,A,SC,Current,0.2319716360723497,0.6883,42000.0,6705.97523856113,188
90095,A,MN,Current,0.2995635312455059,0.6883,32500.0,6701.161303079157,189
107224,C,TX,Current,0.6485491116749221,0.6883,15000.0,6695.945303487733,190
106464,C,WI,Current,0.4881253125359074,0.6883,19900.0,6685.935387107455,191
91463,C,MS,Current,0.6469816842289101,0.6883,15000.0,6679.762398821383,192
66492,E,FL,Current,0.3880086410766691,0.6883,25000.0,6676.658691326786,193
129063,C,MA,Current,0.5100923150330966,0.6883,19000.0,6670.834268308327,194
133279,C,FL,Current,0.6453951268553707,0.6883,15000.0,6663.381987218276,195
119680,C,FL,Current,0.2331232530843535,0.6883,41500.0,6659.0375065653625,196
59505,D,VA,Current,0.3865883708652676,0.6883,25000.0,6652.219391664093,197
133279,C,FL,Current,0.6442506099726265,0.6883,15000.0,6651.565422662383,198
76166,C,OK,Current,0.6421657210862295,0.6883,15000.0,6630.039987354777,199
111446,C,WI,Current,0.4451103175310263,0.6883,21500.0,6586.942778467017,200
133472,AA,CT,Current,0.3826090715155998,0.6883,25000.0,6583.745598104684,201
106691,B,CA,Current,0.3825670741775739,0.6883,25000.0,6583.022928910604,202
73473,C,TX,Past Due (1-15 days),0.4156238124742709,0.6883,23000.0,6579.699012898935,203
97579,D,MO,Current,0.3170849045100714,0.6883,30000.0,6547.486193228466,204
107888,A,MD,Current,0.3393896554125423,0.6883,28000.0,6540.853194972681,205
108214,D,NJ,Current,0.3627899114733257,0.6883,26100.0,6517.386527351052,206
131162,B,WV,Current,0.556375067442221,0.6883,17000.0,6510.200301648172,207
131162,B,WV,Current,0.5558816330053895,0.6883,17000.0,6504.426575959364,208
95867,E,DC,FinalPaymentInProgress,0.4710221905281395,0.6883,20000.0,6484.09147481037,209
89090,C,NY,Current,0.628023230159031,0.6883,15000.0,6484.025839776916,210
28923,Not Rated,MD,Chargedoff,0.4956790612052762,0.6883,19000.0,6482.342058724241,211
93828,D,IL,Current,0.4695091092551834,0.6883,20000.0,6463.262398006856,212
74139,E,VT,Chargedoff,0.6244430047880739,0.6883,15000.0,6447.06180293447,213
87933,E,NY,Chargedoff,0.3122110446046557,0.6883,30000.0,6446.845860041537,214
68532,B,SC,Current,0.2178481359977398,0.6883,42994.0,6446.729827079463,215
75611,D,NY,Past Due (1-15 days),0.6021856258529847,0.6883,15500.0,6424.507677256445,216
129910,A,NY,Current,0.1481017087457351,0.6883,62999.0,6422.017647764307,217
87975,C,CA,Past Due (31-60 days),0.6211591829163986,0.6883,15000.0,6413.157984020358,218
108960,B,MO,Current,0.310443586022854,0.6883,30000.0,6410.349607785912,219
32042,Not Rated,WA,Chargedoff,0.58108194241811,0.6883,16000.0,6399.3392154621615,220
108692,B,CA,Current,0.6194324490045815,0.6883,15000.0,6395.330319747802,221
72091,C,IL,Current,0.309686289077235,0.6883,30000.0,6394.712183155826,222
97548,A,OH,Past Due (91-120 days),0.4037624454223435,0.6883,23000.0,6391.922897236578,223
76539,B,TN,Past Due (31-60 days),0.3787437416877851,0.6883,24500.0,6386.888276390711,224
108675,C,VA,Current,0.618285443587651,0.6883,15000.0,6383.488062320703,225
98194,D,IL,Current,0.4633513875651661,0.6883,20000.0,6378.495201222077,226
132740,B,MA,Current,0.3087345957827945,0.6883,30000.0,6375.060668318925,227
110094,A,CA,Current,0.3697459756213591,0.6883,25000.0,6362.4038755045385,228
135706,A,MN,Current,0.2713956316562949,0.6883,34050.0,6360.594931810397,229
128298,B,MA,Current,0.3080318232923278,0.6883,30000.0,6360.549119163278,230
121664,B,OH,Current,0.6155858547211477,0.6883,15000.0,6355.616157068489,231
85989,B,RI,Current,0.3356728972899641,0.6883,27500.0,6353.700518128763,232
88923,E,NC,Current,0.4011729440290412,0.6883,23000.0,6350.928759629349,233
26403,Not Rated,TX,Chargedoff,0.36889731477737,0.6883,25000.0,6347.800544031596,234
99781,A,OH,Current,0.3114906920778755,0.6883,29600.0,6346.211683373171,235
86881,HR,ID,Current,0.4095565929305899,0.6883,22500.0,6342.700565567814,236
133168,B,OH,Current,0.4967464086777071,0.6883,18500.0,6325.345232218018,237
129319,C,RI,Current,0.2483667049400581,0.6883,37000.0,6325.179711378955,238
97043,B,NV,Current,0.5741762495554922,0.6883,16000.0,6323.288201104725,239
97827,B,NC,Current,0.238346793457258,0.6883,38500.0,6316.082770560282,240
90378,D,NJ,Current,0.611692758840444,0.6883,15000.0,6315.421888648165,241
129723,A,CT,Current,0.4584988451332555,0.6883,20000.0,6311.695102104395,242
133375,AA,UT,Current,0.1832557838593289,0.6883,50000.0,6306.747801518804,243
90645,C,WA,Past Due (16-30 days),0.4107883354383966,0.6883,22300.0,6305.227131594139,244
95832,C,KY,Current,0.406964563648758,0.6883,22500.0,6302.558456087404,245
33723,Not Rated,CA,Defaulted,0.4577423821221856,0.6883,20000.0,6301.281632294008,246
75637,C,IL,Past Due (1-15 days),0.2376036005889918,0.6883,38500.0,6296.388493988018,247
92597,C,VA,Current,0.3977195412049644,0.6883,23000.0,6296.258284861672,248
97824,B,AZ,Current,0.4942828662490436,0.6883,18500.0,6293.97559152551,249
55198,B,NY,Current,0.6093666604188284,0.6883,15000.0,6291.406085494194,250
87864,A,TN,Current,0.6080812183425697,0.6883,15000.0,6278.13453877786,251
126037,A,VA,Current,0.4143894681898434,0.6883,22000.0,6274.933961011523,252
126604,C,IL,Current,0.3646318306551171,0.6883,25000.0,6274.402225997928,253
133317,B,TN,Current,0.4898061035519824,0.6883,18600.0,6270.683863991829,254
133332,A,OK,Current,0.4550909585421966,0.6883,20000.0,6264.782135291879,255
133940,B,GA,Current,0.5046936422178597,0.6883,18000.0,6252.851410893951,256
94910,B,AK,Current,0.4036708874934049,0.6883,22500.0,6251.550116888488,257
77206,E,TN,Chargedoff,0.6053081019262336,0.6883,15000.0,6249.503498337399,258
96204,C,NY,Current,0.4717555757632509,0.6883,19200.0,6234.419765718636,259
72996,A,FL,Current,0.3354130923941356,0.6883,27000.0,6233.350450361856,260
100977,A,MS,Current,0.3619126480786631,0.6883,25000.0,6227.611891813595,261
94458,B,MO,Current,0.2659218315292568,0.6883,34000.0,6223.155885813973,262
94951,B,PA,Current,0.5164627006051605,0.6883,17500.0,6220.92234446431,263
125660,AA,FL,Current,0.4513728792919049,0.6883,20000.0,6213.599056332364,264
98511,C,NY,Current,0.6673073091479607,0.6883,13500.0,6200.652881968308,265
88145,C,WA,Current,0.5807493590776929,0.6883,15500.0,6195.811649724228,266
100842,C,MN,Current,0.4332968224311547,0.6883,20770.01,6194.410456186415,267
120253,B,NJ,Current,0.5997135967281894,0.6883,15000.0,6191.74302942019,268
97435,B,TX,Current,0.5991176329072874,0.6883,15000.0,6185.590000951289,269
74729,C,IL,Current,0.5980083141245882,0.6883,15000.0,6174.136839179311,270
52177,E,NY,Current,0.3896019072373279,0.6883,23000.0,6167.748833283416,271
77963,C,AR,Chargedoff,0.5965251944040225,0.6883,15000.0,6158.824369624331,272
128903,E,CA,Current,0.2981620126869823,0.6883,30000.0,6156.7473999734975,273
119941,A,CO,Current,0.5960717187193398,0.6883,15000.0,6154.142459917824,274
107935,A,CO,Current,0.3970696124069908,0.6883,22500.0,6149.317819943965,275
92757,B,CA,Current,0.2919442868852127,0.6883,30580.0,6144.905826437351,276
91476,A,TX,Current,0.575936051755066,0.6883,15500.0,6144.460158556685,277
74443,C,NC,Past Due (16-30 days),0.5942696754048832,0.6883,15000.0,6135.537263717717,278
77565,A,MD,Current,0.287488424246948,0.6883,31000.0,6134.226754684405,279
90277,A,VA,Current,0.1993523354044076,0.6883,44700.0,6133.475296910765,280
89960,A,CA,Current,0.3298959429072944,0.6883,27000.0,6130.819192583451,281
29054,Not Rated,CA,Chargedoff,0.3556273808045415,0.6883,25000.0,6119.458155194149,282
88878,E,WI,Current,0.5920867042648996,0.6883,15000.0,6112.999178182956,283
99075,E,TN,Current,0.4321188279011759,0.6883,20500.0,6097.261479509778,284
94330,D,CA,Current,0.1933485296805333,0.6883,45800.0,6095.146118443287,285
85373,E,WI,Current,0.3235685035979471,0.6883,27361.0,6093.6285322851645,286
77125,A,NY,Current,0.3497637535298206,0.6883,25310.0,6093.189930246307,287
101055,B,MN,Current,0.3687510288939659,0.6883,24000.0,6091.471996505202,288
103416,C,CA,Current,0.5669012798527725,0.6883,15600.0,6087.091154393547,289
128086,B,FL,Current,0.5894076389393335,0.6883,15000.0,6085.3391682291485,290
85061,E,HI,Current,0.4879087657647634,0.6883,18092.73,6076.038156236278,291
103785,B,IL,Current,0.5339308034657065,0.6883,16500.0,6063.825438419856,292
91588,C,VA,Current,0.5871987552707415,0.6883,15000.0,6062.5335487927705,293
89962,E,OH,Current,0.439618022858927,0.6883,20000.0,6051.78170267599,294
86702,C,MI,Current,0.5853473990336561,0.6883,15000.0,6043.419221322983,295
67545,B,IL,Current,0.5850326460152664,0.6883,15000.0,6040.169553784618,296
73172,D,TX,Current,0.4860781269727626,0.6883,18000.0,6022.216346316345,297
88501,B,UT,Past Due (61-90 days),0.4860391842086665,0.6883,18000.0,6021.733868834853,298
77640,D,FL,Past Due (91-120 days),0.5828448684413619,0.6883,15000.0,6017.581844222841,299
61145,C,RI,Current,0.4581431322970917,0.6883,19000.0,5991.458441241677,300
72057,D,SD,Current,0.5996544576590086,0.6883,14500.0,5984.761366497087,301
61296,B,MD,Chargedoff,0.58217380437758,0.6883,14923.72,5980.087266986016,302
130438,A,GA,Current,0.4332009935384653,0.6883,20000.0,5963.444877050513,303
98560,C,OR,Past Due (1-15 days),0.4950775114808358,0.6883,17500.0,5963.332395164538,304
132387,AA,MI,Current,0.221030497823415,0.6883,39000.0,5933.276374422407,305
97629,A,MN,Current,0.3445689645147621,0.6883,25000.0,5929.1704568877685,306
23965,Not Rated,MI,Chargedoff,0.5737451344968234,0.6883,15000.0,5923.6316411124535,307
86121,A,CA,Current,0.3210596342499438,0.6883,26800.0,5922.407279613534,308
87812,C,MO,Current,0.4727347897090456,0.6883,18200.0,5921.977074772597,309
100148,C,MN,Current,0.4094569905779764,0.6883,21000.0,5918.414178911245,310
95546,HR,OH,Past Due (16-30 days),0.3820199839164296,0.6883,22500.0,5916.247985917767,311
111196,C,TN,Current,0.6603296027199781,0.6883,13000.0,5908.563252178093,312
90798,C,MI,Current,0.3222030104314605,0.6883,26637.0,5907.349609614275,313
110270,C,NY,Current,0.5715257463521002,0.6883,15000.0,5900.717568212259,314
65272,C,CA,Current,0.3497248094073197,0.6883,24500.0,5897.531864718926,315
78492,D,OR,Current,0.57111961459635,0.6883,15000.0,5896.524460900016,316
95645,B,CA,Current,0.4629661277651034,0.6883,18500.0,5895.202336203332,317
109368,D,OH,Current,0.4071545012137871,0.6883,21000.0,5885.133306894444,318
68805,C,UT,Past Due (1-15 days),0.5178832113735958,0.6883,16500.0,5881.57373740936,319
98426,A,PA,Current,0.3557531623384771,0.6883,24000.0,5876.757639301771,320
67275,B,MD,Current,0.568602244436657,0.6883,15000.0,5870.533872686265,321
74516,D,KS,Current,0.500903569086264,0.6883,17000.0,5861.122752235284,322
93419,E,FL,Chargedoff,0.5159939960615011,0.6883,16500.0,5860.118013570665,323
94283,C,NE,Current,0.3619513710983446,0.6883,23500.0,5854.581525084279,324
59002,C,TN,Chargedoff,0.5669815141151247,0.6883,15000.0,5853.800642481605,325
131989,C,OH,Current,0.3051459099514396,0.6883,27800.0,5838.8876489842105,326
127651,A,PA,Current,0.3855847033471942,0.6883,22000.0,5838.754928905223,327
132000,D,IN,Current,0.5649160357215285,0.6883,15000.0,5832.475610806921,328
130810,C,NY,Current,0.5643664855368259,0.6883,15000.0,5826.801779924959,329
45609,D,NY,Chargedoff,0.3384667060479398,0.6883,25000.0,5824.165844319925,330
86625,D,CA,Current,0.6502434537595349,0.6883,13000.0,5818.3133998949415,331
68612,B,MA,Current,0.3381014475269035,0.6883,25000.0,5817.880658319193,332
50279,E,MA,Chargedoff,0.2414197610293249,0.6883,35000.0,5815.922753076951,333
108871,D,OH,Current,0.3836816010707891,0.6883,22000.0,5809.937012374531,334
93484,A,CA,Current,0.3270703055181348,0.6883,25800.0,5808.16027523381,335
61403,D,MO,Current,0.585962270788332,0.6883,14400.0,5807.776766163968,336
103162,E,MI,Current,0.5107023412989947,0.6883,16500.0,5800.020955015619,337
95257,A,LA,Current,0.3361829276663814,0.6883,25000.0,5784.86772781926,338
89689,C,UT,Past Due (61-90 days),0.3079922703332602,0.6883,27250.0,5776.756921017938,339
54399,C,SD,Current,0.5591551882263606,0.6883,15000.0,5772.99774084306,340
101228,C,CT,Current,0.3103411022985626,0.6883,27000.0,5767.410079226718,341
52120,C,VA,Current,0.5776439008148189,0.6883,14500.0,5765.088305497178,342
74337,E,NV,Past Due (16-30 days),0.4895837338664455,0.6883,17100.0,5762.366276746693,343
108723,C,NJ,Current,0.5579653644931131,0.6883,15000.0,5760.713405709146,344
68186,B,UT,Current,0.4121612599552591,0.6883,20300.0,5758.919083112259,345
85096,C,OH,Current,0.4215817728990708,0.6883,19838.0,5756.486378774207,346
77623,A,FL,Current,0.2697291129506119,0.6883,31000.0,5755.291001761093,347
82625,B,IL,Current,0.4454364867078289,0.6883,18750.0,5748.6362587687245,348
134080,A,CA,Current,0.4175812765781872,0.6883,20000.0,5748.423853375325,349
127636,C,FL,Current,0.4912028882379718,0.6883,17000.0,5747.614115561332,350
108458,A,NC,Current,0.2196939526070983,0.6883,38000.0,5746.183208019698,351
21488,Not Rated,CA,Chargedoff,0.5557557642575859,0.6883,15000.0,5737.900388077445,352
128990,A,MI,Current,0.1633049502104218,0.6883,51000.0,5732.542658721501,353
90358,B,MI,Current,0.4497818213356702,0.6883,18500.0,5727.319311068824,354
90261,C,CA,Current,0.3327149596799885,0.6883,25000.0,5725.192668693403,355
135683,B,NC,Current,0.3538562415649212,0.6883,23500.0,5723.64240012468,356
99093,D,NY,Current,0.6380920880683154,0.6883,13000.0,5709.58419482648,357
76229,A,NY,Past Due (61-90 days),0.436547728292234,0.6883,19000.0,5709.040226287349,358
98895,A,GA,Current,0.1979019431859343,0.6883,41881.71,5704.955135087331,359
61931,C,NC,Chargedoff,0.3854906721420091,0.6883,21500.0,5704.664437159915,360
135688,B,AL,Current,0.3945856943737609,0.6883,21000.0,5703.460002186652,361
119596,C,TX,Current,0.1972268183709329,0.6883,42000.0,5701.551201557951,362
92103,A,TX,Current,0.3308757275392502,0.6883,25000.0,5693.544081631649,363
63526,D,IN,Current,0.5511697858050942,0.6883,15000.0,5690.552453544696,364
76802,C,DE,Current,0.634134689115375,0.6883,13000.0,5674.173784735463,365
123488,C,TX,Current,0.3296947222539103,0.6883,25000.0,5673.221933184161,366
89195,D,NJ,Current,0.5486740518629496,0.6883,15000.0,5664.785248459023,367
62210,C,MO,Current,0.4702001308633028,0.6883,17500.0,5663.678126281199,368
123488,C,TX,Current,0.3290324281234179,0.6883,25000.0,5661.825506933714,369
92646,D,MA,Current,0.3916309451906047,0.6883,21001.0,5661.020730648133,370
68444,B,FL,Current,0.5481848033072872,0.6883,15000.0,5659.734001746087,371
75325,C,CT,Current,0.5479358819914089,0.6883,15000.0,5657.1640136203005,372
110851,C,VA,Current,0.4687460103784571,0.6883,17500.0,5646.162881511111,373
88308,C,IN,Current,0.5468247064422268,0.6883,15000.0,5645.691681662771,374
127953,C,TX,Current,0.2875254962253336,0.6883,28500.0,5640.258272979068,375
110851,C,VA,Current,0.4682482623326975,0.6883,17500.0,5640.167381862925,376
86350,C,NJ,Chargedoff,0.5453055930308774,0.6883,15000.0,5630.007595247294,377
87974,E,NV,Current,0.495181434334963,0.6883,16500.0,5623.750790670458,378
108053,C,OH,Past Due (61-90 days),0.4805383050096503,0.6883,17000.0,5622.82676074842,379
91203,C,CA,Chargedoff,0.5441043306584682,0.6883,15000.0,5617.605161883354,380
107570,D,PA,Current,0.4295469146032798,0.6883,19000.0,5617.485685107313,381
97560,B,CA,Current,0.3469817866751459,0.6883,23500.0,5612.447748559819,382
110933,E,CA,Current,0.2433436580070826,0.6883,33500.0,5611.030233510213,383
85437,E,NY,Current,0.4794752748434482,0.6883,17000.0,5610.388138470672,384
97565,B,NJ,Past Due (61-90 days),0.5258291181821745,0.6883,15500.0,5609.8868216942565,385
75194,HR,IL,Chargedoff,0.5431250290894891,0.6883,15000.0,5607.494362834431,386
91261,B,MI,Current,0.2760593883433844,0.6883,29500.0,5605.344471404169,387
91260,B,OR,Current,0.3012127879357318,0.6883,27000.0,5597.768572276434,388
123669,C,VA,Current,0.5419635272423847,0.6883,15000.0,5595.502437014002,389
126764,C,MD,Current,0.4062688821376002,0.6883,20000.0,5592.697431506205,390
97539,C,FL,Current,0.6767485810229705,0.6883,12000.0,5589.672579817328,391
91986,B,TX,Current,0.3690843788261642,0.6883,22000.0,5588.897114813075,392
112120,C,GA,Current,0.5412947268262119,0.6883,15000.0,5588.597407117225,393
111280,A,MI,Current,0.4058596944502455,0.6883,20000.0,5587.06455380208,394
123878,A,MI,Current,0.3306252168917247,0.6883,24550.0,5586.827218110396,395
112120,C,GA,Current,0.5410465550021417,0.6883,15000.0,5586.035157119612,396
92088,C,GA,Current,0.5409411044242134,0.6883,15000.0,5584.946432627791,397
62219,D,MD,Chargedoff,0.7374199835657359,0.6883,11000.0,5583.227921571256,398
101224,A,OH,Current,0.3753287582538841,0.6883,21600.0,5580.117741012806,399
89682,C,IL,Current,0.3514625706934663,0.6883,23000.0,5563.968810391197,400
133928,B,FL,Current,0.2605283288159558,0.6883,31000.0,5558.971110444694,401
118825,C,MI,Current,0.1242437332021847,0.6883,65000.0,5558.602501599144,402
132374,C,IL,Current,0.2988516716958789,0.6883,27000.0,5553.889351963385,403
105396,A,CO,Current,0.2560403728479463,0.6883,31500.0,5551.326541884106,404
90980,A,MI,Current,0.2880201547975121,0.6883,28000.0,5550.8396313195735,405
67953,A,HI,Current,0.5370994719398404,0.6883,15000.0,5545.2834980428825,406
132374,C,IL,Current,0.2982237699021374,0.6883,27000.0,5542.220362238311,407
77306,C,WV,Chargedoff,0.6705948997723729,0.6883,12000.0,5538.845634159891,408
134611,B,NY,Current,0.6184213843001634,0.6883,13000.0,5533.572704579432,409
59847,D,FL,Current,0.3826158655868101,0.6883,21000.0,5530.444505951431,410
108377,B,MS,Current,0.5353831413826926,0.6883,15000.0,5527.56324320561,411
127241,AA,FL,Current,0.2589462290157316,0.6883,31000.0,5525.2133723773695,412
63925,D,CO,Chargedoff,0.5351453294868912,0.6883,15000.0,5525.107954287409,413
98358,E,WI,Current,0.411088050312813,0.6883,19500.0,5517.5621480910295,414
36861,Not Rated,ME,Chargedoff,0.3202909984666186,0.6883,25000.0,5511.4073561143405,415
111422,A,IN,Current,0.1600164954301672,0.6883,50000.0,5506.967690229207,416
94562,B,TN,Current,0.2666411765484324,0.6883,30000.0,5505.87365454858,417
88789,A,IN,Current,0.2756789616277714,0.6883,29000.0,5502.745049363458,418
99428,C,PA,Current,0.5328952501349234,0.6883,15000.0,5501.877010018017,419
105434,C,NY,Current,0.1836822038915005,0.6883,43500.0,5499.638050825614,420
75227,A,WI,Current,0.3549660859470112,0.6883,22500.0,5497.271031539876,421
59849,A,NY,Current,0.5320036356162096,0.6883,15000.0,5492.671535919556,422
108953,C,NJ,Current,0.3976941771255874,0.6883,20000.0,5474.658042310836,423
69157,B,IN,Current,0.338374289661875,0.6883,23500.0,5473.221053995312,424
122285,B,FL,Current,0.3613150328410577,0.6883,22000.0,5471.249016299001,425
129593,B,IL,Current,0.5298236937121157,0.6883,15000.0,5470.164725730739,426
129733,AA,LA,Current,0.3525820342302677,0.6883,22500.0,5460.3498186155975,427
121871,A,MO,Current,0.2418696133429979,0.6883,32782.5,5457.593059578605,428
101613,A,NE,Current,0.4402829592868627,0.6883,18000.0,5454.841695788657,429
82491,C,TN,Current,0.4398895268692129,0.6883,18000.0,5449.967304193428,430
107735,A,IL,Current,0.3159249094813035,0.6883,24999.0,5436.060428784333,431
86910,B,TN,Current,0.437924202633258,0.6883,18000.0,5425.618116104487,432
59610,B,VA,Chargedoff,0.5252726784026591,0.6883,15000.0,5423.177768168254,433
93247,B,CT,Current,0.3747267175810024,0.6883,21000.0,5416.412393931084,434
131048,B,NY,Current,0.3744236010441739,0.6883,21000.0,5412.031056572802,435
55302,A,WA,Chargedoff,0.5241580988619028,0.6883,15000.0,5411.670291699716,436
108911,A,CT,Current,0.3570679568568894,0.6883,22000.0,5406.937243501135,437
76290,A,MI,Current,0.2755668811608722,0.6883,28500.0,5405.671502636307,438
54782,A,NC,Chargedoff,0.5235450802868493,0.6883,15000.0,5405.341181421576,439
81813,E,FL,Current,0.5234082812292433,0.6883,15000.0,5403.928799551323,440
87962,B,NJ,Current,0.6540472117747136,0.6883,12000.0,5402.168350374424,441
86161,A,TN,Current,0.3074108846584209,0.6883,25500.0,5395.568253714973,442
130968,A,CA,Current,0.4352893522557923,0.6883,18000.0,5392.973900837914,443
98990,A,OK,Current,0.3133654965085862,0.6883,25000.0,5392.236781171498,444
79289,D,WA,Current,0.4607403645525077,0.6883,17000.0,5391.169079665348,445
93622,C,MI,Current,0.5219059976847782,0.6883,15000.0,5388.418473096493,446
92921,C,NH,Current,0.3414304431639336,0.6883,22900.0,5381.650545280943,447
56654,C,IL,Chargedoff,0.6237827229460848,0.6883,12504.29,5368.712512538172,448
77205,C,IL,Past Due (1-15 days),0.362591443276215,0.6883,21500.0,5365.791343750905,449
96401,B,NJ,Current,0.4325174728111951,0.6883,18000.0,5358.631977647021,450
95587,C,TX,Current,0.5187848261547006,0.6883,15000.0,5356.193937634206,451
55590,B,TN,Defaulted,0.518755019603446,0.6883,15000.0,5355.886199895779,452
64100,B,IL,Current,0.5185355086423237,0.6883,15000.0,5353.619858977671,453
129642,A,WA,Current,0.6216956255811912,0.6883,12500.0,5348.913738594174,454
130635,B,IL,Current,0.3531174424209737,0.6883,22000.0,5347.116183603836,455
130027,AA,IL,Current,0.2426485666474912,0.6883,32000.0,5344.480269550984,456
130635,B,IL,Current,0.3528891729255138,0.6883,22000.0,5343.659589941886,457
104355,E,CA,Past Due (1-15 days),0.4434277188489417,0.6883,17500.0,5341.197730465216,458
123794,A,FL,Current,0.3784457156886057,0.6883,20500.0,5339.925815223581,459
29613,Not Rated,WA,Chargedoff,0.4483960504658319,0.6883,17300.0,5339.316326566435,460
110827,B,CA,Current,0.5168401800420239,0.6883,15000.0,5336.1164388438765,461
107863,C,TX,Current,0.3872245351688436,0.6883,20000.0,5330.532951134302,462
63410,C,OH,Current,0.5162364366999658,0.6883,15000.0,5329.883090708797,463
77690,D,NH,Current,0.516124956638824,0.6883,15000.0,5328.732114817539,464
87971,HR,OH,Current,0.2042656821666772,0.6883,37900.0,5328.591016438778,465
135520,C,MO,Current,0.5160278417897078,0.6883,15000.0,5327.729452557839,466
82505,A,VA,Current,0.2418128027506109,0.6883,32000.0,5326.072068263857,467
56700,C,IL,Current,0.5152665471868868,0.6883,15000.0,5319.869466431013,468
50383,D,CA,Current,0.3114278509967622,0.6883,24775.0,5310.664693312545,469
62977,B,MN,Current,0.5132596946089893,0.6883,15000.0,5299.149716990512,470
94357,B,OH,Current,0.4274382926109931,0.6883,18000.0,5295.703982474638,471
88609,C,GA,Current,0.6988471035211612,0.6883,11000.0,5291.181074889768,472
128082,B,OH,Current,0.3843504328581086,0.6883,20000.0,5290.968058724724,473
111322,B,MA,Current,0.301023790474885,0.6883,25500.0,5283.464212088516,474
79630,HR,NY,Current,0.3653176521789341,0.6883,21000.0,5280.410939889967,475
91386,A,FL,Current,0.3409365785928523,0.6883,22500.0,5279.999558522856,476
94650,C,NJ,Current,0.3066088266438848,0.6883,25000.0,5275.971384474648,477
71753,D,TX,Current,0.5106661734424135,0.6883,15000.0,5272.372907706198,478
33815,Not Rated,MD,Chargedoff,0.4505781895029155,0.6883,17000.0,5272.260453192565,479
103019,B,VA,Current,0.2889047297364081,0.6883,26500.0,5269.607825155597,480
101317,B,CO,Current,0.259281869102714,0.6883,29500.0,5264.679459850242,481
108839,C,AR,Current,0.2419015059394208,0.6883,31600.0,5261.4254866040665,482
97842,E,MD,Current,0.2349745714656979,0.6883,32500.0,5256.322420044798,483
99894,E,GA,Current,0.5453562784830881,0.6883,14000.0,5255.162170718733,484
92889,HR,MS,Past Due (61-90 days),0.5651571815884061,0.6883,13500.0,5251.46878917855,485
99642,E,KY,Current,0.5085894203247423,0.6883,15000.0,5250.931470142802,486
107392,E,KY,Current,0.3911779152033115,0.6883,19500.0,5250.331301171566,487
135676,D,OH,Current,0.5082954243104302,0.6883,15000.0,5247.896108293036,488
129812,C,MO,Current,0.4235104758788698,0.6883,18000.0,5247.04068985367,489
135676,D,OH,Current,0.5080456250952206,0.6883,15000.0,5245.317056295605,490
93456,B,PA,Current,0.5078234482495327,0.6883,15000.0,5243.023191452301,491
69122,C,OH,Current,0.332618423160412,0.6883,22900.0,5242.754869144036,492
131670,AA,OR,Current,0.5076391961547173,0.6883,15000.0,5241.120880699379,493
120176,B,TX,Current,0.3714308235934596,0.6883,20500.0,5240.944635527255,494
90918,B,CA,Current,0.5073974074330944,0.6883,15000.0,5238.624533042983,495
74064,A,OH,Current,0.4908473589506514,0.6883,15500.0,5236.678676068868,496
73892,A,MD,Chargedoff,0.1901745327387627,0.6883,40000.0,5235.885235363617,497
29913,Not Rated,IL,Chargedoff,0.5066825726556393,0.6883,15000.0,5231.244221383148,498
98753,D,CA,Past Due (31-60 days),0.5840460107320339,0.6883,13000.0,5225.985299429167,499
100261,AA,NY,Current,0.2809798457308735,0.6883,27000.0,5221.757551047126,500
